{"loss": [0.12839604914188385, 0.09327428787946701, 0.07433180510997772, 0.06238223984837532, 0.05396691709756851, 0.0476229265332222, 0.04248164966702461, 0.038303304463624954, 0.034764327108860016, 0.031891413033008575], "accuracy": [0.08158475160598755, 0.3023970425128937, 0.465210884809494, 0.5680204629898071, 0.6363894939422607, 0.6875026822090149, 0.7293406128883362, 0.7644782662391663, 0.7892595529556274, 0.810142993927002], "val_loss": [0.09522420167922974, 0.06882284581661224, 0.055042609572410583, 0.04701939597725868, 0.03890459984540939, 0.03426940366625786, 0.030484316870570183, 0.02817237190902233, 0.02598017454147339, 0.022712161764502525], "val_accuracy": [0.31658318638801575, 0.5303892493247986, 0.6417027115821838, 0.6844980716705322, 0.7594468593597412, 0.7962098717689514, 0.8149897456169128, 0.8361029028892517, 0.8447530269622803, 0.8708171844482422]}